datetime,date,account_type,category,type,asset_class,name,symbol,shares,price,amount,fee,tax,currency,original_amount,original_currency,fx_rate,description,transaction_id,counterparty_name,counterparty_iban,payment_reference,mcc_code
2026-04-01T06:57:01.534635Z,2026-04-01,DEFAULT,CASH,TRANSFER_DIRECT_DEBIT_INBOUND,,,,,,-31.500000,,,EUR,,,,Sepa Direct Debit transfer to AGILA Haustierversicherung AG (DE26250400660450912100),019d47d4-cc5e-73b1-8f34-c685bddf66f5,,,,
2026-03-31T23:52:07.169494Z,2026-04-01,DEFAULT,CASH,BENEFITS_SAVEBACK,,,,,,15.000000,,,EUR,,,, Saveback cash reward cc1a4259-2ab2-4dc3-8fd1-58867f5a98c7 for reservation: c118b03b-9a0b-4d30-9f1b-cc5e4532f4ad,019d464f-c901-77e4-90af-024dac268652,,,,
2026-04-01T04:54:20.450223Z,2026-04-01,DEFAULT,CASH,INTEREST_PAYMENT,,,,,,9.650000,,,EUR,,,,Interest payment for payout collection 019d46d3-46cb-7c9e-884a-a460afa42c61,019d4764-7a22-72b3-aed1-06fab9f868d0,,,,
2026-04-01T12:18:46.971750Z,2026-04-01,DEFAULT,CASH,CARD_TRANSACTION,,EVERSPORTS* AIRFITNESS,,,,-42.900000,,,EUR,,,,EVERSPORTS* AIRFITNESS,019d48fb-603b-7a74-8ceb-b3e6534104c7,,,,5734
2026-04-01T16:29:18.783252Z,2026-04-01,DEFAULT,CASH,DIVIDEND,STOCK,Coca-Cola,US1912161007,114.4875180000,,52.770000,,-7.91,EUR,60.67,USD,0.869716,Cash Dividend for ISIN US1912161007,019d49e0-be3f-756f-bca1-37cb1a2d544a,,,,
2026-04-02T07:26:13.590227Z,2026-04-01,DEFAULT,CASH,DIVIDEND,STOCK,Digital Realty Trust,US2538681030,42.5612400000,,45.210000,,-6.78,EUR,51.92,USD,0.870777,Cash Dividend for ISIN US2538681030,019d4d15-e456-71c0-ad0c-f680f16fca26,,,,
2026-04-01T09:59:08.699908Z,2026-04-01,DEFAULT,CASH,CARD_TRANSACTION,,AMAZON,,,,-37.990000,,,EUR,,,,AMAZON* NB5SF8ZG4,019d487b-889b-7aae-b0a0-36565aa08ade,,,,5999
2026-04-02T06:40:53.635Z,2026-04-02,DEFAULT,TRADING,BUY,CRYPTO,Ethereum,ETH,0.0163850000,1830.9000000000,-30.00,,,EUR,,,,"Savings plan execution XF000ETH0019 Ethereum, quantity: 0.016385",08d8b898-e777-4a25-8e17-bcd22ec7a405,,,,
2026-04-02T06:42:43.727Z,2026-04-02,DEFAULT,TRADING,BUY,CRYPTO,XRP,XRP,17.0093190000,1.1758260000,-20.00,,,EUR,,,,"Savings plan execution XF000XRP0018 XRP, quantity: 17.009319",259a85f1-2241-4ad5-85a7-47fe560d856a,,,,
2026-04-02T06:46:19.428Z,2026-04-02,DEFAULT,TRADING,BUY,CRYPTO,Bitcoin,BTC,0.0005030000,59619.2200000000,-29.99,,,EUR,,,,"Savings plan execution XF000BTC0017 Bitcoin, quantity: 0.000503",a9fbe174-8628-4a29-b92e-924a3f78f182,,,,
2026-04-02T06:52:19.831375Z,2026-04-02,DEFAULT,CASH,DIVIDEND,FUND,FTSE Developed Europe EUR (Dist),IE00B945VV12,28.9473690000,,5.250000,,,EUR,,,,Cash Dividend for ISIN IE00B945VV12,019d4cf6-dbf7-700d-9552-a06b33be3338,,,,
2026-04-02T08:01:50.202Z,2026-04-02,DEFAULT,TRADING,BUY,STOCK,Allianz,DE0008404005,0.4915340000,366.2000000000,-180.00,,,EUR,,,,"Savings plan execution DE0008404005 ALLIANZ AG VNA O.N., quantity: 0.491534",3d499e79-64d7-45b8-96ab-8e5540c3e300,,,,
2026-04-02T08:05:44.870Z,2026-04-02,DEFAULT,TRADING,BUY,FUND,Global Quality Dividends USD (Dist),IE0005AJA0P1,12.3706700000,8.8920000000,-110.00,,,EUR,,,,"Savings plan execution IE0005AJA0P1 Legal & General UCITS ETF Plc - L&G Global Quality Dividends UCITS ETF USD Distributing ETF, quantity: 12.370670",644d2ee0-c9f4-4525-85e7-4c00c4bd20a1,,,,
2026-04-02T08:24:23.048Z,2026-04-02,DEFAULT,TRADING,BUY,STOCK,Münchener Rück,DE0008430026,0.3692760000,541.6000000000,-200.00,,,EUR,,,,"Savings plan execution DE0008430026 MUENCH.RUECKVERS.VNA O.N., quantity: 0.369276",55326770-142e-44c0-94ac-f78c76fb1a42,,,,
2026-04-02T08:27:43.236Z,2026-04-02,DEFAULT,TRADING,BUY,FUND,US Equity Premium Income (Dist),IE000U5MJOZ6,5.2219320000,21.0650000000,-110.00,,,EUR,,,,"Savings plan execution IE000U5MJOZ6 JPMorgan ETFs (Ireland) ICAV - US Equity Premium Income Active UCITS ETF USD (dist), quantity: 5.221932",9f2daa77-1aba-4ffe-b33b-5129ead85064,,,,
2026-04-02T08:28:24.111Z,2026-04-02,DEFAULT,TRADING,BUY,FUND,€ Ultrashort Bond EUR (Acc),IE000RHYOR04,4.5035300000,5.5512000000,-25.00,,,EUR,,,,"Savings plan execution IE000RHYOR04 iShares IV plc - iShares € Ultrashort Bond UCITS ETF EUR (Acc), quantity: 4.503530",70236262-46d2-4d19-ac58-c67248cee350,,,,
2026-04-02T08:32:19.781Z,2026-04-02,DEFAULT,TRADING,BUY,STOCK,Deutsche Post,DE0005552004,3.9284150000,45.8200000000,-180.00,,,EUR,,,,"Savings plan execution DE0005552004 DEUTSCHE POST AG NA O.N., quantity: 3.928415",124840c4-db2e-466f-978e-2ae6595a0ac8,,,,
2026-04-02T08:41:02.479Z,2026-04-02,DEFAULT,TRADING,BUY,STOCK,Unilever,GB00BVZK7T90,2.2807380000,48.2300000000,-110.00,,,EUR,,,,"Savings plan execution GB00BVZK7T90 UNILEVER PLCLS -,035, quantity: 2.280738",de0be791-6557-4161-a21b-d0ef35231f76,,,,
2026-04-02T10:35:07.286Z,2026-04-02,DEFAULT,TRADING,BUY,FUND,FTSE Emerging Markets USD (Dist),IE00B3VVMM84,0.2337170000,64.1800000000,-15.00,,,EUR,,,,"Savings plan execution IE00B3VVMM84 Vanguard Funds PLC - Vanguard FTSE Emerging Markets UCITS ETF (USD) Distributing, quantity: 0.233717",8fb2f7aa-e3f7-4b20-a00c-d47eed9b9aa2,,,,
2026-04-02T10:35:07.367Z,2026-04-02,DEFAULT,TRADING,BUY,FUND,FTSE Emerging Markets USD (Dist),IE00B3VVMM84,2.1813640000,64.1800000000,-140.00,,,EUR,,,,"Savings plan execution IE00B3VVMM84 Vanguard Funds PLC - Vanguard FTSE Emerging Markets UCITS ETF (USD) Distributing, quantity: 2.181364",296defed-25ad-4cc5-8e84-d666fe3c8854,,,,
2026-04-02T10:48:44.747Z,2026-04-02,DEFAULT,TRADING,BUY,CRYPTO,Solana,SOL,0.2836180000,70.5172000000,-20.00,,,EUR,,,,"Savings plan execution XF000SOL0012 Solana, quantity: 0.283618",315efdb2-cdc5-41de-9cea-ffb2dd1aee92,,,,
2026-04-02T11:28:53.424Z,2026-04-02,DEFAULT,TRADING,BUY,FUND,FTSE Developed Europe EUR (Dist),IE00B945VV12,2.1282190000,45.6250000000,-97.10,,,EUR,,,,"Savings plan execution IE00B945VV12 Vanguard Funds PLC - Vanguard FTSE Developed Europe UCITS ETF (EUR) Distributing, quantity: 2.128219",7ace500d-1082-4514-b24d-5680a09ffb3e,,,,
2026-04-02T11:28:54.425Z,2026-04-02,DEFAULT,TRADING,BUY,FUND,FTSE Developed Europe EUR (Dist),IE00B945VV12,3.0684930000,45.6250000000,-140.00,,,EUR,,,,"Savings plan execution IE00B945VV12 Vanguard Funds PLC - Vanguard FTSE Developed Europe UCITS ETF (EUR) Distributing, quantity: 3.068493",0092e687-2f67-4839-b235-3dd2779b7371,,,,
2026-04-02T13:38:44.431Z,2026-04-02,DEFAULT,TRADING,BUY,STOCK,Enbridge,CA29250N1050,0.8492560000,47.1000000000,-40.00,,,EUR,,,,"Savings plan execution CA29250N1050 ENBRIDGE INC., quantity: 0.849256",436ed01e-edc0-4f5c-a0e2-2721695dfcb1,,,,
2026-04-02T14:49:01.033Z,2026-04-02,DEFAULT,TRADING,BUY,STOCK,Johnson & Johnson,US4781601046,0.6542050000,214.0000000000,-140.00,,,EUR,,,,"Savings plan execution US4781601046 JOHNSON + JOHNSON, quantity: 0.654205",38ec0d95-ff9f-4f21-8771-1ca4b6470b85,,,,
2026-04-02T15:12:00.948Z,2026-04-02,DEFAULT,TRADING,BUY,STOCK,Fastenal,US3119001044,2.7339380000,40.2350000000,-110.00,,,EUR,,,,"Savings plan execution US3119001044 FASTENAL CO.       DL-,01, quantity: 2.733938",f6eab380-5dd1-4259-b6d7-a6ca30cfc95e,,,,
2026-04-02T15:13:03.294909Z,2026-04-02,DEFAULT,CASH,TAX_OPTIMIZATION,,,,,,0.000000,,179.70,EUR,,,,Tax Optimisation,019d4ec1-493e-727e-aa71-ada8e130d8dd,,,,
2026-04-02T15:13:27.547411Z,2026-04-02,DEFAULT,CASH,TAX_OPTIMIZATION,,,,,,0.000000,,8.03,EUR,,,,Tax Optimisation,019d4ec1-a7fb-71f1-a4de-bb03f935acbf,,,,
2026-04-02T12:15:25.204248Z,2026-04-02,DEFAULT,CASH,TRANSFER_OUTBOUND,,,,,,-548.350000,,,EUR,,,,Outgoing transfer for Jens Spitzner (DE47120300001058893676),019d4e1e-a814-733d-a0b9-8ca3c5b7ec30,,,,
2026-04-02T12:52:48.247504Z,2026-04-02,DEFAULT,CASH,DIVIDEND,STOCK,Ares Capital,US04010L1035,636.3270320000,,265.970000,,-39.90,EUR,305.44,USD,0.870777,Cash Dividend for ISIN US04010L1035,019d4e40-e1f7-7dcc-a1a7-e0aaf58bc26f,,,,
2026-04-02T06:43:12.086155Z,2026-04-02,DEFAULT,CASH,DIVIDEND,FUND,FTSE Emerging Markets USD (Dist),IE00B3VVMM84,9.6161680000,,2.190000,,,EUR,2.52,USD,0.869716,Cash Dividend for ISIN IE00B3VVMM84,019d4cee-8056-7c2b-8e11-2fe2bed659b3,,,,
2026-04-02T11:03:30.861215Z,2026-04-02,DEFAULT,CASH,CARD_TRANSACTION,,Hanife Oeztuerk eK,,,,-46.070000,,,EUR,,,,HANIFE OEZTUERK EK,019d4ddc-d32d-7b3d-9f0b-40ce3ad43579,,,,5411
2026-04-02T15:13:03.294987Z,2026-04-02,DEFAULT,CASH,TAX_OPTIMIZATION,,,,,,0.000000,,-181.97,EUR,,,,Tax Optimisation,019d4ec1-493e-7667-b13f-085193a67887,,,,
2026-04-02T15:14:02.226Z,2026-04-02,DEFAULT,TRADING,BUY,STOCK,General Mills,US3703341046,2.1786490000,32.1300000000,-70.00,,,EUR,,,,"Savings plan execution US3703341046 GENL MILLS        DL -,10, quantity: 2.178649",fc1b7342-7311-4b3e-932b-6f9afc931604,,,,
2026-04-02T15:20:55.043Z,2026-04-02,DEFAULT,TRADING,BUY,STOCK,Apple,US0378331005,0.1828570000,218.7500000000,-40.00,,,EUR,,,,"Savings plan execution US0378331005 APPLE INC., quantity: 0.182857",c0c100f1-fd76-41f3-a06c-40d6722308ef,,,,
2026-04-02T16:02:19.640Z,2026-04-02,DEFAULT,TRADING,BUY,FUND,Prime Global Ucits USD (Acc),IE0009DRDY20,0.8809270000,34.0550000000,-30.00,,,EUR,,,,"Savings plan execution IE0009DRDY20 Amundi Prime Global UCITS ETF Acc, quantity: 0.880927",c2494fbd-22eb-46a6-94fc-72cebc24128d,,,,
2026-04-02T16:30:55.849Z,2026-04-02,DEFAULT,TRADING,BUY,STOCK,JPMorgan Chase,US46625H1005,0.7123070000,252.7000000000,-180.00,,,EUR,,,,"Savings plan execution US46625H1005 JP MORGAN CH. DL 1, quantity: 0.712307",e0fb0fed-59c7-406f-aaf3-93d4f700766d,,,,
2026-04-02T16:34:11.537Z,2026-04-02,DEFAULT,TRADING,BUY,STOCK,Qualcomm,US7475251036,1.6660490000,108.0400000000,-180.00,,,EUR,,,,"Savings plan execution US7475251036 QUALCOMM INC.    DL-,0001, quantity: 1.666049",8b9e7f1d-8a76-4f44-86fa-fbe3b1f3879c,,,,
2026-04-02T16:38:30.155Z,2026-04-02,DEFAULT,TRADING,BUY,STOCK,Verizon Communications,US92343V1044,0.6968640000,43.0500000000,-30.00,,,EUR,,,,"Savings plan execution US92343V1044 VERIZON COMM. INC. DL-,10, quantity: 0.696864",767e8d17-a784-4871-9d02-a59dd31b4fe1,,,,
2026-04-02T16:39:53.928Z,2026-04-02,DEFAULT,TRADING,BUY,STOCK,Coca-Cola,US1912161007,0.6012320000,66.5300000000,-40.00,,,EUR,,,,"Savings plan execution US1912161007 COCA-COLA CO. DL-,25, quantity: 0.601232",52910f27-02be-472d-a678-1289c5fcc694,,,,
2026-04-02T16:53:31.897Z,2026-04-02,DEFAULT,TRADING,BUY,FUND,Nasdaq Equity Premium Income Active USD (Dist),IE000U9J8HX9,5.0216840000,21.9050000000,-110.00,,,EUR,,,,"Savings plan execution IE000U9J8HX9 JPMorgan ETFs (Ireland) ICAV - Nasdaq Equity Premium Income Active UCITS ETF USD (dist), quantity: 5.021684",487e065e-6c6c-489f-9e30-243bb73ecc3d,,,,
2026-04-02T17:03:44.114Z,2026-04-02,DEFAULT,TRADING,BUY,STOCK,PepsiCo,US7134481081,0.5935590000,134.7800000000,-80.00,,,EUR,,,,"Savings plan execution US7134481081 PEPSICO INC.     DL-,0166, quantity: 0.593559",40d15165-f18b-45b9-9f32-0e13002a98fe,,,,
2026-04-02T17:16:56.141Z,2026-04-02,DEFAULT,TRADING,BUY,FUND,World Equity High Income USD (Dist),IE000KJPDY61,22.9429550000,4.7945000000,-110.00,,,EUR,,,,"Savings plan execution IE000KJPDY61 iShares World Equity High Income Active UCITS ETF -, quantity: 22.942955",24c84f45-1951-4a7c-85d4-b75f4552a226,,,,
2026-04-02T17:17:01.733Z,2026-04-02,DEFAULT,TRADING,BUY,STOCK,Procter & Gamble,US7427181091,1.1252210000,124.4200000000,-140.00,,,EUR,,,,"Savings plan execution US7427181091 PROCTER GAMBLE, quantity: 1.125221",418f3496-bf5a-4b99-b524-d4b04f3fcfe9,,,,
2026-04-02T17:20:40.917Z,2026-04-02,DEFAULT,TRADING,BUY,FUND,Global Equity Premium Income USD (Dist),IE0003UVYC20,2.5717950000,23.3300000000,-60.00,,,EUR,,,,"Savings plan execution IE0003UVYC20 JPMorgan ETFs (Ireland) ICAV - Global Equity Premium Income Active UCITS ETF USD (dist), quantity: 2.571795",220bc0d6-491b-4944-ac1b-9d6658562a5b,,,,
2026-04-03T14:34:11.839934Z,2026-04-03,DEFAULT,CASH,DIVIDEND,STOCK,Iron Mountain,US46284V1017,254.6677220000,,190.920000,,-28.63,EUR,220.04,USD,0.867679,Cash Dividend for ISIN US46284V1017,019d53c4-11ff-7a8c-b8f8-4b313c27b301,,,,
2026-04-03T08:07:08.995787Z,2026-04-03,DEFAULT,CASH,CARD_TRANSACTION,,WWW.AMAZON.DE,,,,-119.990000,,,EUR,,,,WWW.AMAZON.* NB2LE1VE4,019d5261-b7c3-7b2c-8f3f-323df98aebee,,,,5399
2026-04-03T12:06:20.339166Z,2026-04-03,DEFAULT,CASH,CARD_TRANSACTION,,DM DROGERIE SAGT DANKE,,,,-4.900000,,,EUR,,,,DM DROGERIE SAGT DANKE,019d533c-b3b3-7df3-b910-146cecb6faf5,,,,5912
2026-04-05T07:38:52.333004Z,2026-04-05,DEFAULT,CASH,CARD_TRANSACTION,,AMAZON,,,,-41.780000,,,EUR,,,,AMAZON* NB0FU8624,019d5c94-8c2c-775b-9fc1-1648802faa04,,,,5999
2026-04-05T07:38:52.248709Z,2026-04-05,DEFAULT,CASH,CARD_TRANSACTION,,AMAZON,,,,-28.390000,,,EUR,,,,AMAZON* NB5HP8QH4,019d5c94-8bd8-728a-b044-cc71db27344c,,,,5999
2026-04-05T09:54:49.829259Z,2026-04-05,DEFAULT,CASH,CARD_TRANSACTION,,Hanife Oeztuerk eK,,,,-48.430000,,,EUR,,,,HANIFE OEZTUERK EK,019d5d11-0565-75cf-8d13-13dbd8a80aea,,,,5411
2026-04-06T07:43:12.526952Z,2026-04-06,DEFAULT,CASH,TRANSFER_INSTANT_OUTBOUND,,,,,,-100.000000,,,EUR,,,,Outgoing transfer for Lutz Brüggemann (DE22760300800220317164),019d61be-e08e-7919-9296-682061571ade,,,,
2026-04-07T12:05:47.421723Z,2026-04-07,DEFAULT,CASH,CARD_TRANSACTION_INTERNATIONAL,,Storebaeltsforbindelsen,,,,-31.460000,,,EUR,-235.00,DKK,0.133872,"STOREBAELTSFORBINDELSEN, 235,00 DKK, exchange rate: 0,1338723, ECB rate: 0,1338293943, markup: 0,03206 %",019d67d5-a31d-749a-ab43-8938d9a35450,,,,4784
2026-04-07T07:21:16.580085Z,2026-04-07,DEFAULT,CASH,TRANSFER_DIRECT_DEBIT_INBOUND,,,,,,-42.870000,,,EUR,,,,Sepa Direct Debit transfer to GC RE OCTOPUS ENERGY GERMANY GMBH (FR7617118820080000002438012),019d66d1-2824-7dea-927b-d5ae4997b848,,,,
2026-04-07T12:25:48.068456Z,2026-04-07,DEFAULT,CASH,DIVIDEND,FUND,US Equity Premium Income (Dist),IE000U5MJOZ6,258.1466390000,,26.790000,,,EUR,30.88,USD,0.867679,Cash Dividend for ISIN IE000U5MJOZ6,019d67e7-f524-75ef-8e15-a55848c193c4,,,,
2026-04-07T12:26:12.500641Z,2026-04-07,DEFAULT,CASH,DIVIDEND,FUND,Nasdaq Equity Premium Income Active USD (Dist),IE000U9J8HX9,223.7717590000,,35.390000,,,EUR,40.79,USD,0.867679,Cash Dividend for ISIN IE000U9J8HX9,019d67e8-5494-73ee-8cbc-f729978e1a95,,,,
2026-04-07T07:22:35.176875Z,2026-04-07,DEFAULT,CASH,CARD_TRANSACTION,,DM DROGERIE SAGT DANKE,,,,-27.750000,,,EUR,,,,DM DROGERIE SAGT DANKE,019d66d2-5b28-7e0d-872d-a89eb8c67feb,,,,5912
2026-04-07T08:07:12.001087Z,2026-04-07,DEFAULT,CASH,DIVIDEND,FUND,Global Equity Premium Income USD (Dist),IE0003UVYC20,159.2236120000,,18.760000,,,EUR,21.62,USD,0.867679,Cash Dividend for ISIN IE0003UVYC20,019d66fb-3381-708c-938d-60c9d25d1330,,,,
2026-04-08T13:56:34.194586Z,2026-04-08,DEFAULT,CASH,CARD_TRANSACTION_INTERNATIONAL,,42Raw Pilestraede,,,,-13.380000,,,EUR,-100.00,DKK,0.133800,"42RAW PILESTRAEDE, 100,00 DKK, exchange rate: 0,1338, ECB rate: 0,1338293943, markup: -0,02196401 %",019d6d61-6b12-7652-b34e-e41d58fea53c,,,,5812
2026-04-08T13:56:45.991061Z,2026-04-08,DEFAULT,CASH,CARD_TRANSACTION_INTERNATIONAL,,Rejsebillet.dk,,,,-12.310000,,,EUR,-92.00,DKK,0.133804,"REJSEBILLET.DK, 92,00 DKK, exchange rate: 0,1338043, ECB rate: 0,1338293943, markup: -0,01875096 %",019d6d61-9927-71ff-b07f-0a225e3ad30e,,,,4111
2026-04-08T13:56:45.948307Z,2026-04-08,DEFAULT,CASH,CARD_TRANSACTION_INTERNATIONAL,,Rejsebillet.dk,,,,-12.310000,,,EUR,-92.00,DKK,0.133804,"REJSEBILLET.DK, 92,00 DKK, exchange rate: 0,1338043, ECB rate: 0,1338293943, markup: -0,01875096 %",019d6d61-98fc-7d1b-b99a-0dc9b9f82fcd,,,,4111
2026-04-08T13:59:32.149335Z,2026-04-08,DEFAULT,CASH,CARD_TRANSACTION_INTERNATIONAL,,LIDL204KBHHUNDIGE,,,,-6.410000,,,EUR,-47.90,DKK,0.133820,"LIDL204KBHHUNDIGE, 47,90 DKK, exchange rate: 0,1338205, ECB rate: 0,1338293943, markup: -0,006646 %",019d6d64-2235-768f-a8b3-bdb5e1bcfa7b,,,,5411
2026-04-08T09:03:00.301560Z,2026-04-08,DEFAULT,CASH,CARD_TRANSACTION,,ARHOJ ApS,,,,-35.300000,,,EUR,,,,ARHOJ ApS,019d6c54-a6cd-7fe1-8780-ac33c68183b1,,,,5970
2026-04-08T13:55:06.553450Z,2026-04-08,DEFAULT,CASH,CARD_TRANSACTION_INTERNATIONAL,,LAGKAGEHUSET A/,,,,-11.110000,,,EUR,,,,LAGKAGEHUSET 127,019d6d60-14b9-7cce-9087-ba17808824b7,,,,5462
2026-04-08T13:56:15.607290Z,2026-04-08,DEFAULT,CASH,CARD_TRANSACTION_INTERNATIONAL,,"BILKA WAVES, HU",,,,-32.690000,,,EUR,,,,BILKA HUNDIGE,019d6d61-2277-792d-a177-cee55b0da9e3,,,,5411
2026-04-08T14:14:54.550966Z,2026-04-08,DEFAULT,CASH,CARD_TRANSACTION_INTERNATIONAL,,SWITCH,,,,-8.030000,,,EUR,-60.00,DKK,0.133833,"SWITCH, 60,00 DKK, exchange rate: 0,1338333, ECB rate: 0,133818649, markup: 0,0109484 %",019d6d72-3556-78eb-80bc-8017346877bd,,,,5813
2026-04-08T13:55:41.369114Z,2026-04-08,DEFAULT,CASH,CARD_TRANSACTION_INTERNATIONAL,,LANDBAGERIET AP,,,,-8.130000,,,EUR,,,,LANDBAGERIET APS,019d6d60-9cb9-72d0-beb7-1b9a743f501b,,,,5462
2026-04-08T13:44:53.394457Z,2026-04-08,DEFAULT,CASH,CARD_TRANSACTION_INTERNATIONAL,,Uniqlo Denmark 1001,,,,-114.040000,,,EUR,-852.00,DKK,0.133850,"Uniqlo Denmark 1001, 852,00 DKK, exchange rate: 0,1338498, ECB rate: 0,1338293943, markup: 0,01524755 %",019d6d56-b992-7caf-93bf-2797920cb1df,,,,5651
2026-04-08T13:56:32.934435Z,2026-04-08,DEFAULT,CASH,CARD_TRANSACTION_INTERNATIONAL,,42Raw Pilestraede,,,,-37.210000,,,EUR,-278.00,DKK,0.133849,"42RAW PILESTRAEDE, 278,00 DKK, exchange rate: 0,1338489, ECB rate: 0,1338293943, markup: 0,01457505 %",019d6d61-6626-796a-a0cb-8f971d83003c,,,,5812
2026-04-09T11:26:15.163Z,2026-04-09,DEFAULT,TRADING,BUY,FUND,FTSE Developed Europe EUR (Dist),IE00B945VV12,3.4478370000,47.1600000000,-162.60,,,EUR,,,,"Savings plan execution IE00B945VV12 Vanguard Funds PLC - Vanguard FTSE Developed Europe UCITS ETF (EUR) Distributing, quantity: 3.447837",83c056f6-cf03-4138-b0af-08e5b838f575,,,,
2026-04-09T13:37:20.193130Z,2026-04-09,DEFAULT,CASH,CARD_TRANSACTION_INTERNATIONAL,,WONDERFUL MEMO,,,,-9.810000,,,EUR,,,,WONDERFUL MEMORIES,019d7276-2b41-72e0-8faf-22cf4a639f03,,,,5947
2026-04-09T13:37:21.796800Z,2026-04-09,DEFAULT,CASH,CARD_TRANSACTION_INTERNATIONAL,,LANDBAGERIET AP,,,,-15.700000,,,EUR,,,,LANDBAGERIET APS,019d7276-3184-75c2-9434-231e90bbcfb4,,,,5462
2026-04-09T13:28:42.805367Z,2026-04-09,DEFAULT,CASH,CARD_TRANSACTION_INTERNATIONAL,,SNM Palmehuset,,,,-18.740000,,,EUR,-140.00,DKK,0.133857,"SNM Palmehuset, 140,00 DKK, exchange rate: 0,1338571, ECB rate: 0,133818649, markup: 0,02873366 %",019d726e-4635-78bc-ae1d-f03c4276f7a9,,,,7991
2026-04-09T13:37:54.489147Z,2026-04-09,DEFAULT,CASH,CARD_TRANSACTION_INTERNATIONAL,,NETTO RADHUSPLA,,,,-13.000000,,,EUR,,,,NETTO RAADHUSPLADSEN,019d7276-b139-727d-9552-e98b24edd637,,,,5411
2026-04-09T13:38:06.795023Z,2026-04-09,DEFAULT,CASH,CARD_TRANSACTION_INTERNATIONAL,,42Raw Pilestraede,,,,-53.140000,,,EUR,-397.00,DKK,0.133854,"42RAW PILESTRAEDE, 397,00 DKK, exchange rate: 0,1338539, ECB rate: 0,133818649, markup: 0,02634237 %",019d7276-e14b-74a1-a49a-93ef4fbc7f37,,,,5812
2026-04-09T14:04:51.016143Z,2026-04-09,DEFAULT,CASH,CARD_TRANSACTION_INTERNATIONAL,,Zettle_*Danish Souveni,,,,-40.150000,,,EUR,-300.00,DKK,0.133833,"ZETTLE_*DANISH SOUVENI, 300,00 DKK, exchange rate: 0,1338333, ECB rate: 0,133818649, markup: 0,0109484 %",019d728f-5bc8-7136-bdad-d85ad7c2f4e6,,,,5999
2026-04-09T08:30:02.031927Z,2026-04-09,DEFAULT,CASH,DIVIDEND,STOCK,Vici Properties,US9256521090,312.7995230000,,120.250000,,-18.03,EUR,140.76,USD,0.854263,Cash Dividend for ISIN US9256521090,019d715c-d32f-751b-9a7e-6d72dbd992db,,,,
2026-04-09T13:36:59.784133Z,2026-04-09,DEFAULT,CASH,CARD_TRANSACTION_INTERNATIONAL,,DESIGNMUSEUM DK,,,,-39.250000,,,EUR,,,,DESIGNMUSEUM DANMARK,019d7275-db88-7fc6-9c6a-e0bfc351a6f0,,,,7991
2026-04-09T13:37:19.947730Z,2026-04-09,DEFAULT,CASH,CARD_TRANSACTION_INTERNATIONAL,,DESIGNMUSEUM DK,,,,-26.630000,,,EUR,,,,DESIGNMUSEUM DANMARK,019d7276-2a4b-73b1-98a9-3bd64310ce46,,,,7991
2026-04-09T13:38:02.994332Z,2026-04-09,DEFAULT,CASH,CARD_TRANSACTION_INTERNATIONAL,,NORMAL F,,,,-27.970000,,,EUR,-209.00,DKK,0.133828,"NORMAL KBH FREDERIKSBERGG, 209,00 DKK, exchange rate: 0,1338278, ECB rate: 0,133818649, markup: 0,00683836 %",019d7276-d272-71ee-81c4-a073ca13260b,,,,5977
2026-04-09T13:38:19.060341Z,2026-04-09,DEFAULT,CASH,CARD_TRANSACTION_INTERNATIONAL,,Rejsebillet.dk,,,,-12.310000,,,EUR,-92.00,DKK,0.133804,"REJSEBILLET.DK, 92,00 DKK, exchange rate: 0,1338043, ECB rate: 0,133818649, markup: -0,01072272 %",019d7277-1134-754c-bf8d-37005b1ecaa6,,,,4111
2026-04-09T13:38:19.129603Z,2026-04-09,DEFAULT,CASH,CARD_TRANSACTION_INTERNATIONAL,,Rejsebillet.dk,,,,-12.310000,,,EUR,-92.00,DKK,0.133804,"REJSEBILLET.DK, 92,00 DKK, exchange rate: 0,1338043, ECB rate: 0,133818649, markup: -0,01072272 %",019d7277-1179-72d4-8e54-c03de16a68ff,,,,4111
2026-04-09T14:15:57.411Z,2026-04-09,DEFAULT,TRADING,BUY,FUND,Prime Global Ucits USD (Acc),IE0009DRDY20,0.8602150000,34.8750000000,-30.00,,,EUR,,,,"Savings plan execution IE0009DRDY20 Amundi Prime Global UCITS ETF Acc, quantity: 0.860215",1b519f33-b5c4-440e-ac63-d31f7b147fa8,,,,
2026-04-10T14:09:46.442130Z,2026-04-10,DEFAULT,CASH,CARD_TRANSACTION_INTERNATIONAL,,Clever A/S,,,,-11.320000,,,EUR,-84.58,DKK,0.133838,"Clever A/S, 84,58 DKK, exchange rate: 0,1338378, ECB rate: 0,133818649, markup: 0,01431116 %",019d77ba-39ca-73e0-af99-f9fb594e094b,,,,5552
2026-04-10T14:20:40.886467Z,2026-04-10,DEFAULT,CASH,CARD_TRANSACTION_INTERNATIONAL,,NORMAL,,,,-20.270000,,,EUR,,,,NORMAL DRAGOER KONGEVEJEN,019d77c4-3636-71e1-a9b5-b9736cc72be9,,,,5977
2026-04-10T14:09:46.305453Z,2026-04-10,DEFAULT,CASH,CARD_TRANSACTION_INTERNATIONAL,,Clever A/S,,,,-7.730000,,,EUR,-57.74,DKK,0.133876,"Clever A/S, 57,74 DKK, exchange rate: 0,133876, ECB rate: 0,133818649, markup: 0,04285726 %",019d77ba-3941-7e89-a277-776a5af37864,,,,5552
2026-04-10T14:21:37.110880Z,2026-04-10,DEFAULT,CASH,CARD_TRANSACTION_INTERNATIONAL,,FOETEX GREVE CENTER,,,,-33.580000,,,EUR,,,,FOETEX GREVE CENTER,019d77c5-11d6-7db9-9847-dfc9a0950772,,,,5411
2026-04-10T08:50:58.838612Z,2026-04-10,DEFAULT,CASH,CARD_TRANSACTION,,AMAZON,,,,-64.220000,,,EUR,,,,AMAZON* NI6GJ55G4,019d7696-5c96-7007-a840-58904513ba7e,,,,5999
2026-04-10T14:21:47.217582Z,2026-04-10,DEFAULT,CASH,CARD_TRANSACTION_INTERNATIONAL,,NORMAL GREVE,,,,-25.160000,,,EUR,-188.00,DKK,0.133830,"NORMAL GREVE DK1053, 188,00 DKK, exchange rate: 0,1338298, ECB rate: 0,1338204397, markup: 0,00699467 %",019d77c5-3951-7408-941b-ec30965201f5,,,,5977
2026-04-10T14:09:46.347097Z,2026-04-10,DEFAULT,CASH,CARD_TRANSACTION_INTERNATIONAL,,Clever A/S,,,,-3.350000,,,EUR,-25.04,DKK,0.133786,"Clever A/S, 25,04 DKK, exchange rate: 0,1337859, ECB rate: 0,133818649, markup: -0,02447267 %",019d77ba-396b-7c52-98a8-4bac6a97b8e2,,,,5552
2026-04-10T14:20:41.622287Z,2026-04-10,DEFAULT,CASH,CARD_TRANSACTION_INTERNATIONAL,,DEN GAMLE BAGER,,,,-14.020000,,,EUR,,,,DEN GAMLE BAGER & RAJISSI,019d77c4-3916-7f3a-8fcd-59efc2ffcd2c,,,,5199
2026-04-10T06:53:01.063475Z,2026-04-10,DEFAULT,CASH,TRANSFER_DIRECT_DEBIT_INBOUND,,,,,,-691.700000,,,EUR,,,,Sepa Direct Debit transfer to Arval Deutschland (DE49512106009221826028),019d762a-5d07-737d-97ba-4341105eb5cc,,,,
2026-04-10T11:53:45.234955Z,2026-04-10,DEFAULT,CASH,DIVIDEND,STOCK,Unilever,GB00BVZK7T90,30.6025230000,,14.250000,,,EUR,12.40,GBP,1.149425,Cash Dividend for ISIN GB00BVZK7T90,019d773d-b212-7ec1-a388-3a4c8cd1bb78,,,,
2026-04-11T14:25:57.670162Z,2026-04-11,DEFAULT,CASH,CARD_TRANSACTION_INTERNATIONAL,,,,,,-31.450000,,,EUR,,,,"STOREBAELTSFORBINDELSEN, 235,00 DKK, exchange rate: 0,1338298, ECB rate: 0,1338204397, markup: 0,00699467 %",019d7cef-67a6-79db-8f1f-8cd5e3ff3fd5,,,,
2026-04-12T10:54:45.387245Z,2026-04-12,DEFAULT,CASH,CARD_TRANSACTION,,Hanife Oeztuerk eK,,,,-22.130000,,,EUR,,,,HANIFE OEZTUERK EK,019d8154-668b-7de4-a9a9-7dd6fd52559a,,,,5411
2026-04-12T07:49:08.549314Z,2026-04-12,DEFAULT,CASH,CARD_TRANSACTION,,OBI SAGT DANKE,,,,-35.960000,,,EUR,,,,OBI SAGT DANKE,019d80aa-7745-77c2-a501-e7e0ab31441c,,,,5251
2026-04-12T09:28:27.805166Z,2026-04-12,DEFAULT,CASH,CARD_TRANSACTION,,HP*INSTANT GAMING,,,,-27.280000,,,EUR,,,,HP*INSTANT GAMING,019d8105-659d-709e-97e6-1a485901b5d9,,,,5816
2026-04-13T09:27:45.125817Z,2026-04-13,DEFAULT,CASH,CARD_TRANSACTION,,AMAZON,,,,-156.310000,,,EUR,,,,AMAZON* NI1348Y44,019d862b-1ae5-72ae-999a-af7a3aae4461,,,,5999
2026-04-13T09:25:34.239404Z,2026-04-13,DEFAULT,CASH,TRANSFER_INSTANT_INBOUND,,,,,,39.760000,,,EUR,,,,"Incoming transfer from Rene Brüggemann, Lutz Brüggemann (DE65760300800860032263)",019d8629-1b9f-7db2-a53a-1a531d2939f3,,,,
2026-04-15T07:15:49.098836Z,2026-04-15,DEFAULT,CASH,CARD_TRANSACTION,,AMAZON,,,,-24.430000,,,EUR,,,,AMAZON* NW2187TL4,019d8fff-08ea-733b-b636-db26e3aa94cb,,,,5999
2026-04-15T06:47:13.879515Z,2026-04-15,DEFAULT,CASH,TRANSFER_DIRECT_DEBIT_INBOUND,,,,,,-170.000000,,,EUR,,,,Sepa Direct Debit transfer to Scalable Capital Bank GmbH (DE96120700700752107446),019d8fe4-dcd7-7686-9ea7-c9d95b092eb6,,,,
2026-04-15T06:48:30.766033Z,2026-04-15,DEFAULT,CASH,TRANSFER_DIRECT_DEBIT_INBOUND,,,,,,-10.000000,,,EUR,,,,Sepa Direct Debit transfer to fraenk - eine Marke der Telekom Deutschland GmbH (DE22860704070119818300),019d8fe6-092e-774c-a4c4-6d6f8e41d029,,,,
2026-04-15T06:48:30.298797Z,2026-04-15,DEFAULT,CASH,TRANSFER_DIRECT_DEBIT_INBOUND,,,,,,-10.000000,,,EUR,,,,Sepa Direct Debit transfer to fraenk - eine Marke der Telekom Deutschland GmbH (DE22860704070119818300),019d8fe6-075a-7cb5-9c0d-705540f81a90,,,,
2026-04-15T08:02:51.631625Z,2026-04-15,DEFAULT,CASH,CARD_TRANSACTION,,Lidl sagt Danke,,,,-26.370000,,,EUR,,,,Lidl sagt Danke,019d902a-1a6f-7bee-9025-dac5ac3a0ee4,,,,5411
2026-04-15T08:30:08.333544Z,2026-04-15,DEFAULT,CASH,DIVIDEND,STOCK,Realty Income,US7561091049,166.9551670000,,38.290000,,-5.74,EUR,45.16,USD,0.847961,Cash Dividend for ISIN US7561091049,019d9043-13cd-7c6f-af10-e5e7e8406aff,,,,
2026-04-15T12:14:23.981266Z,2026-04-15,DEFAULT,CASH,TRANSFER_OUTBOUND,,,,,,-6.000000,,,EUR,,,,Outgoing transfer for Diana Duany (DE73500105175426129217),019d9110-64ed-7b3a-a649-f34bf6652f1d,,,,
2026-04-15T12:21:01.504760Z,2026-04-15,DEFAULT,CASH,TRANSFER_INBOUND,,,,,,25.000000,,,EUR,,,,Incoming transfer from E.DIS Netz GmbH (DE34120700000259445500),019d9116-75c0-7f3d-a6f2-a45d7a52d82e,,,,
2026-04-15T14:55:16.624223Z,2026-04-15,DEFAULT,CASH,DIVIDEND,SYNTHETIC,"NET LEASE OF.PR.  DL-,001",US64110Y1082,4.1750000000,,11.790000,,-1.77,EUR,13.78,USD,0.855871,Cash Dividend for ISIN US64110Y1082,019d91a3-ae90-790b-bc73-4b54ecde2189,,,,
2026-04-15T15:50:15.850727Z,2026-04-15,DEFAULT,CASH,DIVIDEND,STOCK,STAG Industrial,US85254J1025,68.0695330000,,22.370000,,-3.36,EUR,26.38,USD,0.847961,Cash Dividend for ISIN US85254J1025,019d91d6-062a-7edd-8ec6-4cdf301b82d7,,,,
2026-04-15T16:18:30.603357Z,2026-04-15,DEFAULT,CASH,DIVIDEND,STOCK,EPR Properties REIT,US26884U1097,130.2179800000,,34.230000,,-5.14,EUR,40.37,USD,0.847961,Cash Dividend for ISIN US26884U1097,019d91ef-e24b-74e5-9dd3-22432d04cd9b,,,,
2026-04-16T06:47:48.031434Z,2026-04-16,DEFAULT,CASH,TRANSFER_DIRECT_DEBIT_INBOUND,,,,,,-58.650000,,,EUR,,,,Sepa Direct Debit transfer to PAYONE GmbH (DE81300500000001772359),019d950b-be3f-72a1-bc42-07689d18302d,,,,
2026-04-16T08:20:32.077005Z,2026-04-16,DEFAULT,CASH,CARD_TRANSACTION,,AMZN Mktp DE,,,,-16.000000,,,EUR,,,,AMZN Mktp DE*NW7XS2P04,019d9560-a4cd-725b-ab45-0c89935da300,,,,5942
2026-04-16T08:23:27.725Z,2026-04-16,DEFAULT,TRADING,BUY,FUND,€ Ultrashort Bond EUR (Acc),IE000RHYOR04,4.5019080000,5.5532000000,-25.00,,,EUR,,,,"Savings plan execution IE000RHYOR04 iShares IV plc - iShares € Ultrashort Bond UCITS ETF EUR (Acc), quantity: 4.501908",04f6419f-fa56-4f76-92fb-c277a2aa62cb,,,,
2026-04-16T08:29:32.352212Z,2026-04-16,DEFAULT,CASH,CARD_TRANSACTION,,AMAZON,,,,-27.960000,,,EUR,,,,AMAZON* NW6Z301G4,019d9568-e340-7438-81c9-b7956eccf767,,,,5999
2026-04-16T11:28:02.985Z,2026-04-16,DEFAULT,TRADING,BUY,FUND,FTSE Developed Europe EUR (Dist),IE00B945VV12,2.7748800000,47.9300000000,-133.00,,,EUR,,,,"Savings plan execution IE00B945VV12 Vanguard Funds PLC - Vanguard FTSE Developed Europe UCITS ETF (EUR) Distributing, quantity: 2.774880",65fcabe7-f70e-4d96-bea6-994daecb0232,,,,
2026-04-16T12:52:31.391257Z,2026-04-16,DEFAULT,CASH,DIVIDEND,STOCK,Main Street Capital,US56035L1044,370.6667680000,,81.720000,,-12.26,EUR,96.37,USD,0.847961,Cash Dividend for ISIN US56035L1044,019d9659-a81f-700a-a5bf-1f80d6276b24,,,,
2026-04-16T13:45:52.372Z,2026-04-16,DEFAULT,TRADING,BUY,STOCK,Abbott Labs,US0028241000,1.2048190000,83.0000000000,-100.00,,,EUR,,,,"Savings plan execution US0028241000 ABBOTT LABS, quantity: 1.204819",9d1638d4-735e-4257-8b41-a610afa3d549,,,,
2026-04-16T13:57:28.378Z,2026-04-16,DEFAULT,TRADING,BUY,STOCK,Main Street Capital,US56035L1044,0.6293920000,47.6650000000,-30.00,,,EUR,,,,"Savings plan execution US56035L1044 MAIN STREET CAP.CP.DL-,01, quantity: 0.629392",9b2ff37e-6e21-4475-976f-337a7417a792,,,,
2026-04-16T14:11:27.015Z,2026-04-16,DEFAULT,TRADING,BUY,STOCK,Digital Realty Trust,US2538681030,0.2385920000,167.6500000000,-40.00,,,EUR,,,,"Savings plan execution US2538681030 DIGITAL REALTY TRUST INC., quantity: 0.238592",af897617-6ec7-4c35-8a1e-a280e2bc1470,,,,
2026-04-16T14:24:13.143Z,2026-04-16,DEFAULT,TRADING,BUY,FUND,Prime Global Ucits USD (Acc),IE0009DRDY20,0.8392780000,35.7450000000,-30.00,,,EUR,,,,"Savings plan execution IE0009DRDY20 Amundi Prime Global UCITS ETF Acc, quantity: 0.839278",fcfceb1c-e4a6-41f9-afab-9d418ac6bbc8,,,,
2026-04-16T15:21:10.429Z,2026-04-16,DEFAULT,TRADING,BUY,STOCK,Hormel Foods,US4404521001,3.3936650000,17.6800000000,-60.00,,,EUR,,,,"Savings plan execution US4404521001 HORMEL FOODS CORP, quantity: 3.393665",e34c249a-7c1d-4157-ad1b-a243ee29d171,,,,
2026-04-16T15:27:43.228Z,2026-04-16,DEFAULT,TRADING,BUY,STOCK,Gladstone Capital,US3765358789,1.8575850000,16.1500000000,-30.00,,,EUR,,,,"Savings plan execution US3765358789 GLADSTONE CAP CORP. NEW, quantity: 1.857585",20fbfe01-3fc6-4bde-9d0a-19d795a28fe7,,,,
2026-04-16T15:28:23.016Z,2026-04-16,DEFAULT,TRADING,BUY,STOCK,Lowe's,US5486611073,0.4849660000,206.2000000000,-100.00,,,EUR,,,,"Savings plan execution US5486611073 LOWE'S COS INC.    DL-,50, quantity: 0.484966",09f09e55-4115-4fde-82cf-92121765b136,,,,
2026-04-16T15:28:31.993Z,2026-04-16,DEFAULT,TRADING,BUY,STOCK,Bank of Nova Scotia,CA0641491075,0.4699980000,63.8300000000,-30.00,,,EUR,,,,"Savings plan execution CA0641491075 BK NOVA SCOTIA, quantity: 0.469998",a5e0dd38-67b2-4882-a75e-91639c01c345,,,,
2026-04-16T15:29:09Z,2026-04-16,DEFAULT,TRADING,BUY,STOCK,MasterCard,US57636Q1040,0.2270140000,440.5000000000,-100.00,,,EUR,,,,"Savings plan execution US57636Q1040 MASTERCARD INC.A DL-,0001, quantity: 0.227014",c8c4aa1e-0a94-45c5-b729-e704574cbe07,,,,
2026-04-16T15:32:23.745Z,2026-04-16,DEFAULT,TRADING,BUY,STOCK,NextEra Energy,US65339F1012,1.2928240000,77.3500000000,-100.00,,,EUR,,,,"Savings plan execution US65339F1012 NEXTERA ENERGY INC.DL-,01, quantity: 1.292824",9f3e63a9-1d8c-4a8a-8cc6-5eaf16599621,,,,
2026-04-16T15:35:43.143Z,2026-04-16,DEFAULT,TRADING,BUY,STOCK,Ares Capital,US04010L1035,1.8652070000,16.0840000000,-30.00,,,EUR,,,,"Savings plan execution US04010L1035 ARES CAPITAL CORP., quantity: 1.865207",69110c57-8b20-486c-8d49-a3f3a23240a2,,,,
2026-04-16T15:36:34.742Z,2026-04-16,DEFAULT,TRADING,BUY,STOCK,EPR Properties REIT,US26884U1097,0.6260430000,47.9200000000,-30.00,,,EUR,,,,"Savings plan execution US26884U1097 EPR PROPERTIES    DL -,01, quantity: 0.626043",760b824d-5734-474e-bf6d-53c99f0d75f8,,,,
2026-04-16T15:38:45.001Z,2026-04-16,DEFAULT,TRADING,BUY,STOCK,Realty Income,US7561091049,0.5489470000,54.6500000000,-30.00,,,EUR,,,,"Savings plan execution US7561091049 REALTY INC. CORP.    DL 1, quantity: 0.548947",a98196a9-6281-4caa-9a1d-549202fd3766,,,,
2026-04-16T15:38:45.031Z,2026-04-16,DEFAULT,TRADING,BUY,STOCK,Southern Company,US8425871071,0.7453410000,80.5000000000,-60.00,,,EUR,,,,"Savings plan execution US8425871071 THE SOUTHERN COMPANY, quantity: 0.745341",d3834177-7314-404e-8455-0fd3b1b45539,,,,
2026-04-16T15:39:08.318Z,2026-04-16,DEFAULT,TRADING,BUY,STOCK,STAG Industrial,US85254J1025,1.2158050000,32.9000000000,-40.00,,,EUR,,,,"Savings plan execution US85254J1025 STAG INDUSTRI.INC. DL-,01, quantity: 1.215805",3d81549e-6c1e-4ca1-98cb-c81f57376b7a,,,,
2026-04-16T15:39:16.037Z,2026-04-16,DEFAULT,TRADING,BUY,STOCK,Vici Properties,US9256521090,1.2448130000,24.1000000000,-30.00,,,EUR,,,,"Savings plan execution US9256521090 VICI PROPERTIES   DL -,01, quantity: 1.244813",9a71c52f-11b4-4256-9ee8-3ea731e0238d,,,,
2026-04-16T18:51:57.150117Z,2026-04-16,DEFAULT,CASH,TRANSFER_INSTANT_INBOUND,,,,,,121.200000,,,EUR,,,,"Incoming transfer from Rene Brüggemann, Lutz Brüggemann (DE65760300800860032263)",019d97a2-b95e-7dec-986e-61888f9a0dde,,,,
2026-04-17T13:22:28.032983Z,2026-04-17,DEFAULT,CASH,DIVIDEND,FUND,Global Quality Dividends USD (Dist),IE0005AJA0P1,483.7577390000,,14.500000,,,EUR,17.08,USD,0.848752,Cash Dividend for ISIN IE0005AJA0P1,019d9b9b-6e40-7884-ac30-b75d41a1124f,,,,
2026-04-17T11:43:17.200448Z,2026-04-17,DEFAULT,CASH,CARD_TRANSACTION,,DM DROGERIE SAGT DANKE,,,,-7.700000,,,EUR,,,,DM DROGERIE SAGT DANKE,019d9b40-a0d0-76d8-9a64-9d78010bf72c,,,,5912
2026-04-17T12:51:02.957091Z,2026-04-17,DEFAULT,CASH,CARD_TRANSACTION,,Netto ApS & Co. KG,,,,-1.490000,,,EUR,,,,NETTO APS & CO. KG,019d9b7e-aaad-7d19-a0ff-fc584090cb41,,,,5499
2026-04-18T14:28:14.585943Z,2026-04-18,DEFAULT,CASH,CARD_TRANSACTION_INTERNATIONAL,,Onlyfans.Com,,,,-10.110000,,,EUR,-11.90,USD,0.849580,"Onlyfans.Com, 11,90 $, exchange rate: 0,8495798, ECB rate: 0,8476731372, markup: 0,22492901 %",019da0fe-0279-7a25-87e4-0f1c2abb0ba5,,,,5967
2026-04-19T09:19:06.020124Z,2026-04-19,DEFAULT,CASH,CARD_TRANSACTION,,Lidl sagt Danke,,,,-31.860000,,,EUR,,,,Lidl sagt Danke,019da509-5724-7011-98f2-bc13421fe366,,,,5411
2026-04-20T07:25:33.422172Z,2026-04-20,DEFAULT,CASH,CARD_TRANSACTION,,GETSAFE* HAFTPFLICH,,,,-2.440000,,,EUR,,,,GETSAFE* HAFTPFLICH,019da9c7-bf6e-7344-a5d1-7576f70e3a9f,,,,7392
2026-04-20T07:25:33.393528Z,2026-04-20,DEFAULT,CASH,CARD_TRANSACTION,,GETSAFE* HAUSRAT,,,,-1.070000,,,EUR,,,,GETSAFE* HAUSRAT,019da9c7-bf51-75cc-a785-3d92127b7c7f,,,,7392
2026-04-20T07:25:34.211271Z,2026-04-20,DEFAULT,CASH,CARD_TRANSACTION,,GETSAFE* HUNDEHALTE,,,,-2.830000,,,EUR,,,,GETSAFE* HUNDEHALTE,019da9c7-c283-7567-af6c-255d8447c6d9,,,,7392
2026-04-20T08:40:55.417045Z,2026-04-20,DEFAULT,CASH,CARD_TRANSACTION,,HP*INSTANT GAMING,,,,-45.490000,,,EUR,,,,HP*INSTANT GAMING,019daa0c-bf79-791a-9d39-b3895d25e60c,,,,5816
2026-04-20T12:20:22.470872Z,2026-04-20,DEFAULT,CASH,CARD_TRANSACTION_INTERNATIONAL,,OF,,,,-10.120000,,,EUR,-11.90,USD,0.850420,"OF, 11,90 $, exchange rate: 0,8504202, ECB rate: 0,8476731372, markup: 0,324071 %",019daad5-a946-78bb-872b-41995c8416ba,,,,5967
2026-04-21T10:51:31.421921Z,2026-04-21,DEFAULT,CASH,CARD_TRANSACTION,,MVZ Zahnkultur Berlin,,,,-540.020000,,,EUR,,,,MVZ ZAHNKULTUR BERLIN,019dafaa-acdd-7640-8c96-cf0095d0a108,,,,8021
2026-04-22T11:07:17.678026Z,2026-04-22,DEFAULT,CASH,CARD_TRANSACTION,,DM DROGERIE SAGT DANKE,,,,-14.150000,,,EUR,,,,DM DROGERIE SAGT DANKE,019db4df-792e-7fa1-994b-aa107ff04959,,,,5912
2026-04-22T11:11:22.734284Z,2026-04-22,DEFAULT,CASH,CARD_TRANSACTION,,Elefanten Apotheke,,,,-14.950000,,,EUR,,,,ELEFANTEN APOTHEKE,019db4e3-366e-7407-9980-ac84d3beeb96,,,,5912
2026-04-22T14:19:47.861798Z,2026-04-22,DEFAULT,CASH,TRANSFER_INBOUND,,,,,,3956.010000,,,EUR,,,,Incoming transfer from Getsafe Digital GmbH (DE06672400390199489611),019db58f-b715-72a6-81bc-1393aa5b8510,,,,
2026-04-23T05:58:48.247889Z,2026-04-23,DEFAULT,CASH,TRANSFER_INSTANT_OUTBOUND,,,,,,-3000.000000,,,EUR,,,,Outgoing transfer for Lutz Brüggemann (DE35120700700752165192),019db8eb-66b7-7874-aadb-d075e1eec23e,,,,
2026-04-23T10:42:30.317277Z,2026-04-23,DEFAULT,CASH,CARD_TRANSACTION,,Hanife Oeztuerk eK,,,,-6.040000,,,EUR,,,,HANIFE OEZTUERK EK,019db9ef-232d-7974-900f-e3c5c8efdef2,,,,5411
2026-04-23T10:42:32.463920Z,2026-04-23,DEFAULT,CASH,CARD_TRANSACTION,,Hanife Oeztuerk eK,,,,-5.040000,,,EUR,,,,HANIFE OEZTUERK EK,019db9ef-2b8f-7110-9705-c3035d2de2fd,,,,5411
2026-04-23T11:26:16.185Z,2026-04-23,DEFAULT,TRADING,BUY,FUND,FTSE Developed Europe EUR (Dist),IE00B945VV12,2.0406440000,47.4850000000,-96.90,,,EUR,,,,"Savings plan execution IE00B945VV12 Vanguard Funds PLC - Vanguard FTSE Developed Europe UCITS ETF (EUR) Distributing, quantity: 2.040644",396d9489-81c6-4bfe-a46c-9a1c2831a04c,,,,
2026-04-23T14:15:50.826Z,2026-04-23,DEFAULT,TRADING,BUY,FUND,Prime Global Ucits USD (Acc),IE0009DRDY20,0.8272430000,36.2650000000,-30.00,,,EUR,,,,"Savings plan execution IE0009DRDY20 Amundi Prime Global UCITS ETF Acc, quantity: 0.827243",78543839-6dce-406d-bff8-aacc7fc908ff,,,,
2026-04-24T10:55:37.709229Z,2026-04-24,DEFAULT,CASH,CARD_TRANSACTION,,Hanife Oeztuerk eK,,,,-10.820000,,,EUR,,,,HANIFE OEZTUERK EK,019dbf21-82ed-7c09-8e57-23bbab2b451f,,,,5411
2026-04-24T11:34:00.682282Z,2026-04-24,DEFAULT,CASH,CARD_TRANSACTION,,DM DROGERIE SAGT DANKE,,,,-3.700000,,,EUR,,,,DM DROGERIE SAGT DANKE,019dbf44-a6ea-782c-adfa-6a27cea0c013,,,,5912
2026-04-24T12:16:54.316184Z,2026-04-24,DEFAULT,CASH,TRANSFER_INBOUND,,,,,,1844.910000,,,EUR,,,,Incoming transfer from Medi Serv Hauskrankenpflege GmbH (DE14100700240969207000),019dbf6b-ec2c-7332-b3b2-09f573aa50fe,,,,
2026-04-25T12:33:13.747795Z,2026-04-25,DEFAULT,CASH,CARD_TRANSACTION,,APPLE.COM/BILL,,,,-2.990000,,,EUR,,,,APPLE.COM/BILL,019dc4a1-3a13-7bc6-a5c8-58d5cd49b9fa,,,,5818
2026-04-25T11:21:30.867937Z,2026-04-25,DEFAULT,CASH,CARD_TRANSACTION,,Hanife Oeztuerk eK,,,,-21.220000,,,EUR,,,,HANIFE OEZTUERK EK,019dc45f-91f3-7b9d-b26b-bcf1e19f427c,,,,5411
2026-04-26T09:01:26.665555Z,2026-04-26,DEFAULT,CASH,CARD_TRANSACTION,,Lidl sagt Danke,,,,-20.220000,,,EUR,,,,Lidl sagt Danke,019dc905-b109-7a1c-9ffd-eb1f342605ca,,,,5411
2026-04-26T07:46:49.340404Z,2026-04-26,DEFAULT,CASH,CARD_TRANSACTION,,OBI SAGT DANKE,,,,-59.940000,,,EUR,,,,OBI SAGT DANKE,019dc8c1-5f7c-794a-afdf-ee1a66667697,,,,5251
2026-04-26T13:13:33.680763Z,2026-04-26,DEFAULT,CASH,CARD_TRANSACTION,,Netto ApS & Co. KG,,,,-2.740000,,,EUR,,,,NETTO APS & CO. KG,019dc9ec-82f0-73db-8163-bb7abef61148,,,,5499
2026-04-27T09:51:13.355700Z,2026-04-27,DEFAULT,CASH,TRANSFER_INSTANT_OUTBOUND,,,,,,-30.000000,,,EUR,,,,Outgoing transfer for Lutz Brüggemann (DE22760300800220317164),019dce59-9fcb-7419-9820-be04e3254563,,,,
2026-04-28T07:26:58.268376Z,2026-04-28,DEFAULT,CASH,CARD_TRANSACTION,,AMZN Mktp DE,,,,-14.440000,,,EUR,,,,AMZN Mktp DE*NN0PI9AP4,019dd2fb-eadc-7b15-9af4-f5fead63f6f4,,,,5942
2026-04-28T08:27:00.240359Z,2026-04-28,DEFAULT,CASH,TRANSFER_INBOUND,,,,,,28.550000,,,EUR,,,,Incoming transfer from Allianz Versicherungs-AG (DE97700202700015066957),019dd332-e110-792f-b4fe-9576aeba37b4,,,,
2026-04-28T10:58:58.843565Z,2026-04-28,DEFAULT,CASH,CARD_TRANSACTION,,Hanife Oeztuerk eK,,,,-12.500000,,,EUR,,,,HANIFE OEZTUERK EK,019dd3be-049b-727d-8d8f-2c300341c9c2,,,,5411
2026-04-28T10:59:07.670695Z,2026-04-28,DEFAULT,CASH,CARD_TRANSACTION,,Hanife Oeztuerk eK,,,,-8.520000,,,EUR,,,,HANIFE OEZTUERK EK,019dd3be-2716-76e2-87a4-70a996de1932,,,,5411
2026-04-28T11:53:38.373685Z,2026-04-28,DEFAULT,CASH,DIVIDEND,STOCK,Bank of Nova Scotia,CA0641491075,129.4018710000,,66.810000,,,EUR,106.76,CAD,0.625821,Cash Dividend for ISIN CA0641491075,019dd3f0-0f45-770f-87b2-f564045dad2b,,,,
2026-04-28T12:21:25.634764Z,2026-04-28,DEFAULT,CASH,TRANSFER_INBOUND,,,,,,4419.340000,,,EUR,,,,Incoming transfer from Peak Ace AG (DE83500700240137081600),019dd409-8002-72bc-a4af-203d80dac269,,,,
2026-04-29T06:55:22.404869Z,2026-04-29,DEFAULT,CASH,TRANSFER_DIRECT_DEBIT_INBOUND,,Brueggemann  Lutz,,,,-44.990000,,,EUR,,,,Sepa Direct Debit transfer to Vodafone GmbH (DE13380700590045335700),019dd805-5924-7cd1-b761-a99dc5766142,Brueggemann  Lutz,DE78100123450179018901,,
2026-04-29T07:54:33.581118Z,2026-04-29,DEFAULT,CASH,CARD_TRANSACTION,,Lidl sagt Danke,,,,-34.410000,,,EUR,,,,Lidl sagt Danke,019dd83b-88ed-7774-aef3-9d4084646075,,,,5411
2026-04-29T12:36:49.906055Z,2026-04-29,DEFAULT,CASH,DIVIDEND,FUND,World Equity High Income USD (Dist),IE000KJPDY61,1264.0797400000,,162.770000,,,EUR,190.12,USD,0.856164,Cash Dividend for ISIN IE000KJPDY61,019dd93d-f672-76a5-8bf2-d8b6f0d9b79b,,,,
2026-04-30T07:08:07.269942Z,2026-04-30,DEFAULT,CASH,TRANSFER_DIRECT_DEBIT_INBOUND,,Lutz Brüggemann,,,,-500.000000,,,EUR,,,,Sepa Direct Debit transfer to Scalable Capital Bank GmbH (DE96120700700752107446),019ddd37-60e5-70c7-82c1-50e64bcd4f1d,Lutz Brüggemann,DE78100123450179018901,,
2026-04-30T07:28:46.809401Z,2026-04-30,DEFAULT,CASH,CARD_TRANSACTION,,AMZN Mktp DE,,,,-99.990000,,,EUR,,,,AMZN Mktp DE*NN9AA7B84,019ddd4a-4ad9-7b4b-92a4-1f1c454ba185,,,,5942
2026-04-30T08:24:26.511583Z,2026-04-30,DEFAULT,CASH,CARD_TRANSACTION,,Amazon.de,,,,-149.990000,,,EUR,,,,Amazon.de*NN69L06T4,019ddd7d-408f-7505-a736-262f1429e02b,,,,5399
2026-04-30T09:04:09.254906Z,2026-04-30,DEFAULT,CASH,DIVIDEND,STOCK,Altria Group,US02209S1033,335.1402660000,,303.480000,,-45.52,EUR,355.25,USD,0.854263,Cash Dividend for ISIN US02209S1033,019ddda1-9c26-7c21-ac1b-157d039d1448,,,,
2026-04-30T09:05:53.751178Z,2026-04-30,DEFAULT,CASH,DIVIDEND,STOCK,JPMorgan Chase,US46625H1005,13.2890020000,,17.030000,,-2.55,EUR,19.94,USD,0.854263,Cash Dividend for ISIN US46625H1005,019ddda3-3457-7586-bf9b-fffce7b0b162,,,,
2026-04-30T13:10:31.918Z,2026-04-30,DEFAULT,TRADING,SELL,STOCK,Hormel Foods,US4404521001,-0.9962310000,17.7800000000,17.71,,,EUR,,,,"Sell trade US4404521001 HORMEL FOODS CORP, quantity: 0.996231",e8ceae1c-a241-4b10-9402-3a6345beca42,,,,
2026-04-30T13:10:31.920Z,2026-04-30,DEFAULT,TRADING,SELL,STOCK,Hormel Foods,US4404521001,-81.0000000000,17.7800000000,1440.18,-1.00,,EUR,,,,"Sell trade US4404521001 HORMEL FOODS CORP, quantity: 81.0",6e5934f6-768a-4bec-a078-0d07b99067b8,,,,
2026-04-30T13:24:36.312Z,2026-04-30,DEFAULT,TRADING,BUY,STOCK,Allianz,DE0008404005,3.0000000000,386.9000000000,-1160.70,-1.00,,EUR,,,,"Buy trade DE0008404005 ALLIANZ AG VNA O.N., quantity: 3",67222863-0c94-4f87-8782-d62ccddc1e6a,,,,
2026-04-30T13:24:36.313Z,2026-04-30,DEFAULT,TRADING,BUY,STOCK,Allianz,DE0008404005,0.8769700000,386.9000000000,-339.30,,,EUR,,,,"Buy trade DE0008404005 ALLIANZ AG VNA O.N., quantity: 0.87697",bbe457f4-b91a-4d5a-9071-a3dc5729ac67,,,,
2026-04-30T20:49:48.561296Z,2026-04-30,DEFAULT,CASH,DIVIDEND,STOCK,Gladstone Capital,US3765358789,210.0032360000,,26.910000,,-4.04,EUR,31.50,USD,0.854263,Cash Dividend for ISIN US3765358789,019de027-a811-72b8-b33c-c0a444ac32f6,,,,
